what,kind,bundleId,bundleVersion,description,time
started,bundle,org.eclipse.equinox.common,3.6.0.v20110523,"org.eclipse.equinox.common",1333761832084
started,bundle,org.eclipse.equinox.ds,1.3.1.R37x_v20110701,"org.eclipse.equinox.ds",1333761832087
started,bundle,org.eclipse.equinox.event,1.2.100.v20110502,"org.eclipse.equinox.event",1333761832089
started,bundle,org.eclipse.equinox.p2.artifact.repository,1.1.101.v20110815-1419,"org.eclipse.equinox.p2.artifact.repository",1333761832092
started,bundle,org.eclipse.equinox.p2.core,2.1.1.v20120113-1346,"org.eclipse.equinox.p2.core",1333761832095
started,bundle,org.eclipse.equinox.p2.director,2.1.1.v20111126-0211,"org.eclipse.equinox.p2.director",1333761832098
started,bundle,org.eclipse.equinox.p2.directorywatcher,1.0.300.v20110815-1419,"org.eclipse.equinox.p2.directorywatcher",1333761832100
started,bundle,org.eclipse.equinox.p2.engine,2.1.1.R37x_v20111003,"org.eclipse.equinox.p2.engine",1333761832102
started,bundle,org.eclipse.equinox.p2.extensionlocation,1.2.100.v20110815-1419,"org.eclipse.equinox.p2.extensionlocation",1333761832105
started,bundle,org.eclipse.equinox.p2.metadata,2.1.0.v20110815-1419,"org.eclipse.equinox.p2.metadata",1333761832108
started,bundle,org.eclipse.equinox.p2.metadata.repository,1.2.0.v20110815-1419,"org.eclipse.equinox.p2.metadata.repository",1333761832111
started,bundle,org.eclipse.equinox.p2.operations,2.1.1.R37x_v20111111,"org.eclipse.equinox.p2.operations",1333761832113
started,bundle,org.eclipse.equinox.p2.publisher,1.2.0.v20110815-1419,"org.eclipse.equinox.p2.publisher",1333761832145
started,bundle,org.eclipse.equinox.p2.reconciler.dropins,1.1.100.v20110815-1419,"org.eclipse.equinox.p2.reconciler.dropins",1333761832157
started,bundle,org.eclipse.equinox.p2.repository,2.1.1.v20120113-1346,"org.eclipse.equinox.p2.repository",1333761832159
started,bundle,org.eclipse.equinox.p2.touchpoint.eclipse,2.1.1.v20110815-1419,"org.eclipse.equinox.p2.touchpoint.eclipse",1333761832162
started,bundle,org.eclipse.equinox.p2.ui.sdk.scheduler,1.0.100.v20110815-1419,"org.eclipse.equinox.p2.ui.sdk.scheduler",1333761832164
started,bundle,org.eclipse.equinox.p2.updatechecker,1.1.200.v20110815-1419,"org.eclipse.equinox.p2.updatechecker",1333761832165
started,bundle,org.eclipse.equinox.preferences,3.4.2.v20120111-2020,"org.eclipse.equinox.preferences",1333761832168
started,bundle,org.eclipse.equinox.registry,3.5.101.R37x_v20110810-1611,"org.eclipse.equinox.registry",1333761832170
started,bundle,org.eclipse.equinox.security,1.1.1.R37x_v20110822-1018,"org.eclipse.equinox.security",1333761832312
started,bundle,org.eclipse.equinox.util,1.0.300.v20110502,"org.eclipse.equinox.util",1333761832316
started,bundle,org.eclipse.help,3.5.100.v20110426,"org.eclipse.help",1333761832318
started,bundle,org.eclipse.jdt.core,3.7.3.v20120119-1537,"org.eclipse.jdt.core",1333761832338
started,bundle,org.eclipse.jdt.core.manipulation,1.4.0.v20110928-1453,"org.eclipse.jdt.core.manipulation",1333761832341
started,bundle,org.eclipse.jdt.launching,3.6.1.v20111006_r372,"org.eclipse.jdt.launching",1333761832344
started,bundle,org.eclipse.jdt.ui,3.7.2.v20120109-1427,"org.eclipse.jdt.ui",1333761832408
started,bundle,org.eclipse.jface,3.7.0.v20110928-1505,"org.eclipse.jface",1333761832410
started,bundle,org.eclipse.jgit,1.3.0.201202151440-r,"org.eclipse.jgit",1333761832412
started,bundle,org.eclipse.ltk.core.refactoring,3.5.201.r372_v20111101-0700,"org.eclipse.ltk.core.refactoring",1333761832414
started,bundle,org.eclipse.ltk.ui.refactoring,3.6.0.v20110928-1453,"org.eclipse.ltk.ui.refactoring",1333761832417
started,bundle,org.eclipse.m2e.logback.configuration,1.0.200.20111228-1245,"org.eclipse.m2e.logback.configuration",1333761832419
started,bundle,org.eclipse.search,3.7.0.v20110928-1504,"org.eclipse.search",1333761832422
started,bundle,org.eclipse.team.core,3.6.0.I20110525-0800,"org.eclipse.team.core",1333761832424
started,bundle,org.eclipse.ui,3.7.0.v20110928-1505,"org.eclipse.ui",1333761832429
started,bundle,org.eclipse.ui.console,3.5.100.v20111007_r372,"org.eclipse.ui.console",1333761832431
started,bundle,org.eclipse.ui.editors,3.7.0.v20110928-1504,"org.eclipse.ui.editors",1333761832431
started,bundle,org.eclipse.ui.forms,3.5.101.v20111011-1919,"org.eclipse.ui.forms",1333761832434
started,bundle,org.eclipse.ui.ide,3.7.0.v20110928-1505,"org.eclipse.ui.ide",1333761832505
started,bundle,org.eclipse.ui.net,1.2.100.v20111208-1155,"org.eclipse.ui.net",1333761832509
started,bundle,org.eclipse.ui.views,3.6.0.v20110928-1505,"org.eclipse.ui.views",1333761832511
started,bundle,org.eclipse.ui.workbench,3.7.1.v20120104-1859,"org.eclipse.ui.workbench",1333761832513
started,bundle,org.eclipse.ui.workbench.texteditor,3.7.0.v20110928-1504,"org.eclipse.ui.workbench.texteditor",1333761832516
started,bundle,org.eclipse.update.configurator,3.3.100.v20100512,"org.eclipse.update.configurator",1333761832518
started,bundle,org.eclipse.update.core,3.2.500.v20110330,"org.eclipse.update.core",1333761832618
started,bundle,org.eclipse.wst.common.frameworks,1.2.102.v201201190400,"org.eclipse.wst.common.frameworks",1333761832621
started,bundle,org.eclipse.wst.common.project.facet.core,1.4.201.v201201101553,"org.eclipse.wst.common.project.facet.core",1333761832625
started,bundle,org.eclipse.wst.common.uriresolver,1.1.401.v201004280700,"org.eclipse.wst.common.uriresolver",1333761832626
started,bundle,org.eclipse.wst.dtd.ui,1.0.600.v201103171359,"org.eclipse.wst.dtd.ui",1333761832630
started,bundle,org.eclipse.wst.internet.cache,1.0.400.v201004280700,"org.eclipse.wst.internet.cache",1333761832632
started,bundle,org.eclipse.wst.sse.core,1.1.602.v201112071516,"org.eclipse.wst.sse.core",1333761832635
started,bundle,org.eclipse.wst.sse.ui,1.3.2.v201201041522,"org.eclipse.wst.sse.ui",1333761832640
started,bundle,org.eclipse.wst.validation,1.2.303.v201202090300,"org.eclipse.wst.validation",1333761832640
started,bundle,org.eclipse.wst.xml.core,1.1.602.v201201091944,"org.eclipse.wst.xml.core",1333761832642
started,bundle,org.eclipse.wst.xml.ui,1.1.202.v201112071516,"org.eclipse.wst.xml.ui",1333761832645
started,bundle,org.eclipse.jst.common.project.facet.core,1.4.200.v201103170302,"org.eclipse.jst.common.project.facet.core",1333761832648
started,bundle,com.android.ide.eclipse.adt,17.0.0.v201203161636-291853,"com.android.ide.eclipse.adt",1333761832648
started,bundle,com.google.appengine.eclipse.core,2.5.2.v201203300216-rel-r37,"com.google.appengine.eclipse.core",1333761833436
started,bundle,com.google.gdt.eclipse.core,2.5.2.v201203300216-rel-r37,"com.google.gdt.eclipse.core",1333761833440
started,bundle,com.google.gdt.eclipse.login,2.5.2.v201203300216-rel-r37,"com.google.gdt.eclipse.login",1333761833442
started,bundle,com.google.gdt.eclipse.managedapis,2.5.2.v201203300216-rel-r37,"com.google.gdt.eclipse.managedapis",1333761833442
started,bundle,com.google.gdt.eclipse.platform.e37,2.5.2.v201203300216-rel-r37,"com.google.gdt.eclipse.platform.e37",1333761833444
started,bundle,com.google.gdt.eclipse.platform.shared,2.5.2.v201203300216-rel-r37,"com.google.gdt.eclipse.platform.shared",1333761833445
started,bundle,com.google.gdt.eclipse.suite.ext,2.5.2.v201203300216-rel-r37,"com.google.gdt.eclipse.suite.ext",1333761833446
started,bundle,com.google.gwt.eclipse.core,2.5.2.v201203300216-rel-r37,"com.google.gwt.eclipse.core",1333761833538
started,bundle,org.eclipse.mylyn.bugzilla.core,3.7.0.v20120319-0200,"org.eclipse.mylyn.bugzilla.core",1333761833540
started,bundle,org.eclipse.mylyn.bugzilla.ui,3.7.0.v20120319-0200,"org.eclipse.mylyn.bugzilla.ui",1333761833541
started,bundle,org.eclipse.mylyn.commons.core,3.7.0.v20120319-0200,"org.eclipse.mylyn.commons.core",1333761833543
started,bundle,org.eclipse.mylyn.commons.net,3.7.0.v20120319-0200,"org.eclipse.mylyn.commons.net",1333761833543
started,bundle,org.eclipse.mylyn.commons.notifications.core,0.9.0.v20120319-0200,"org.eclipse.mylyn.commons.notifications.core",1333761833544
started,bundle,org.eclipse.mylyn.commons.notifications.feed,0.9.0.v20120319-0200,"org.eclipse.mylyn.commons.notifications.feed",1333761833546
started,bundle,org.eclipse.mylyn.commons.ui,3.7.0.v20120319-0200,"org.eclipse.mylyn.commons.ui",1333761833547
started,bundle,org.eclipse.mylyn.commons.workbench,3.7.0.v20120319-0200,"org.eclipse.mylyn.commons.workbench",1333761833548
started,bundle,org.eclipse.mylyn.context.core,3.7.0.v20120319-0200,"org.eclipse.mylyn.context.core",1333761833551
started,bundle,org.eclipse.mylyn.context.tasks.ui,3.7.0.v20120319-0200,"org.eclipse.mylyn.context.tasks.ui",1333761833552
started,bundle,org.eclipse.mylyn.monitor.ui,3.7.0.v20120319-0200,"org.eclipse.mylyn.monitor.ui",1333761833553
started,bundle,org.eclipse.mylyn.tasks.ui,3.7.0.v20120319-0200,"org.eclipse.mylyn.tasks.ui",1333761833652
os,sysinfo,,,"win32",1333761833724
arch,sysinfo,,,"x86",1333761833724
ws,sysinfo,,,"win32",1333761833724
locale,sysinfo,,,"en_US",1333761833724
processors,sysinfo,,,"2",1333761833779
java.runtime.name,sysinfo,,,"Java(TM) SE Runtime Environment",1333761833779
java.runtime.version,sysinfo,,,"1.6.0_31-b05",1333761833779
java.specification.name,sysinfo,,,"Java Platform API Specification",1333761833779
java.specification.vendor,sysinfo,,,"Sun Microsystems Inc.",1333761833779
java.specification.version,sysinfo,,,"1.6",1333761833779
java.vendor,sysinfo,,,"Sun Microsystems Inc.",1333761833779
java.version,sysinfo,,,"1.6.0_31",1333761833779
java.vm.info,sysinfo,,,"mixed mode, sharing",1333761833779
java.vm.name,sysinfo,,,"Java HotSpot(TM) Client VM",1333761833779
java.vm.specification.name,sysinfo,,,"Java Virtual Machine Specification",1333761833779
java.vm.specification.vendor,sysinfo,,,"Sun Microsystems Inc.",1333761833779
java.vm.specification.version,sysinfo,,,"1.0",1333761833779
java.vm.vendor,sysinfo,,,"Sun Microsystems Inc.",1333761833779
java.vm.version,sysinfo,,,"20.6-b01",1333761833779
started,bundle,org.eclipse.m2e.usagedata,1.0.200.20111228-1245,"org.eclipse.m2e.usagedata",1333761833854
started,bundle,org.eclipse.egit.ui,1.3.0.201202151440-r,"org.eclipse.egit.ui",1333761834015
started,bundle,org.eclipse.update.scheduler,3.2.300.v20100512,"org.eclipse.update.scheduler",1333761834076
started,bundle,org.eclipse.wb.discovery.core,1.3.0.r37x201202052340,"org.eclipse.wb.discovery.core",1333761834377
started,bundle,org.eclipse.team.ui,3.6.101.R37x_v20111109-0800,"org.eclipse.team.ui",1333761835220
started,bundle,org.eclipse.wb.discovery.ui,1.3.0.r37x201202052340,"org.eclipse.wb.discovery.ui",1333761836084
started,bundle,org.eclipse.wb.core.lib,1.3.0.r37x201202052311,"org.eclipse.wb.core.lib",1333761838330
opened,view,org.eclipse.ui.ide,3.7.0.v20110928-1505,"org.eclipse.ui.views.ProblemView",1333761838814
started,bundle,org.eclipse.wb.core,1.3.0.r37x201202052311,"org.eclipse.wb.core",1333761839270
activated,workbench,org.eclipse.ui.workbench,3.7.1.v20120104-1859,"",1333761840067
started,bundle,org.eclipse.team.cvs.core,3.3.400.I20110510-0800,"org.eclipse.team.cvs.core",1333761840506
started,bundle,com.google.gdt.eclipse.designer,2.5.0.r37x201112291029,"com.google.gdt.eclipse.designer",1333761842010
started,bundle,org.eclipse.team.cvs.ui,3.3.401.v20120126-1227,"org.eclipse.team.cvs.ui",1333761842072
started,bundle,com.google.gdt.eclipse.designer.hosted,2.5.0.r37x201112291019,"com.google.gdt.eclipse.designer.hosted",1333761842594
started,bundle,com.google.gdt.eclipse.designer.hosted.2_2,2.5.0.r37x201112291019,"com.google.gdt.eclipse.designer.hosted.2_2",1333761843793
started,bundle,com.google.gdt.eclipse.designer.hosted.lib,2.5.0.r37x201112291019,"com.google.gdt.eclipse.designer.hosted.lib",1333761844124
started,bundle,com.google.gdt.eclipse.appengine.rpc,2.5.2.v201203300216-rel-r37,"com.google.gdt.eclipse.appengine.rpc",1333761845599
started,bundle,org.eclipse.jdt.apt.core,3.3.500.v20110420-1015,"org.eclipse.jdt.apt.core",1333761845908
activated,view,org.eclipse.ui.ide,3.7.0.v20110928-1505,"org.eclipse.ui.views.ProblemView",1333761847496
deactivated,workbench,org.eclipse.ui.workbench,3.7.1.v20120104-1859,"",1333761854321
activated,workbench,org.eclipse.ui.workbench,3.7.1.v20120104-1859,"",1333761854353
deactivated,workbench,org.eclipse.ui.workbench,3.7.1.v20120104-1859,"",1333761854360
activated,workbench,org.eclipse.ui.workbench,3.7.1.v20120104-1859,"",1333761899511
opened,view,org.eclipse.ui.console,3.5.100.v20111007_r372,"org.eclipse.ui.console.ConsoleView",1333761899678
deactivated,workbench,org.eclipse.ui.workbench,3.7.1.v20120104-1859,"",1333761900648
activated,workbench,org.eclipse.ui.workbench,3.7.1.v20120104-1859,"",1333761902522
deactivated,workbench,org.eclipse.ui.workbench,3.7.1.v20120104-1859,"",1333761902528
activated,workbench,org.eclipse.ui.workbench,3.7.1.v20120104-1859,"",1333761903321
opened,view,org.eclipse.ui.ide,3.7.0.v20110928-1505,"org.eclipse.ui.views.ProgressView",1333761907173
activated,view,org.eclipse.ui.ide,3.7.0.v20110928-1505,"org.eclipse.ui.views.ProgressView",1333761907200
started,bundle,com.google.gdt.eclipse.designer.UiBinder,2.5.0.r37x201112291029,"com.google.gdt.eclipse.designer.UiBinder",1333761910025
started,bundle,com.google.gdt.eclipse.mobile.android,2.5.2.v201203300216-rel-r37,"com.google.gdt.eclipse.mobile.android",1333761910265
started,bundle,org.eclipse.mylyn.team.ui,3.7.0.v20120319-0200,"org.eclipse.mylyn.team.ui",1333761910373
deactivated,workbench,org.eclipse.ui.workbench,3.7.1.v20120104-1859,"",1333761912818
activated,workbench,org.eclipse.ui.workbench,3.7.1.v20120104-1859,"",1333761984337
activated,editor,com.android.ide.eclipse.adt,17.0.0.v201203161636-291853,"com.android.ide.eclipse.editors.CommonXmlEditor",1333761984558
deactivated,workbench,org.eclipse.ui.workbench,3.7.1.v20120104-1859,"",1333761987133
activated,workbench,org.eclipse.ui.workbench,3.7.1.v20120104-1859,"",1333761988622
closed,workbench,org.eclipse.ui.workbench,3.7.1.v20120104-1859,"",1333761988947
started,bundle,org.eclipse.compare,3.5.202.R37x_v20111109-0800,"org.eclipse.compare",1333761989631
stopped,bundle,org.eclipse.m2e.logback.configuration,1.0.200.20111228-1245,"org.eclipse.m2e.logback.configuration",1333761991180
stopped,bundle,org.eclipse.m2e.discovery,1.0.200.20111228-1245,"org.eclipse.m2e.discovery",1333761991239
stopped,bundle,org.eclipse.m2e.refactoring,1.0.200.20111228-1245,"org.eclipse.m2e.refactoring",1333761991266
stopped,bundle,org.eclipse.m2e.editor,1.0.200.20111228-1245,"org.eclipse.m2e.editor",1333761991323
stopped,bundle,org.eclipse.m2e.editor.xml,1.0.200.20111228-1245,"org.eclipse.m2e.editor.xml",1333761991384
stopped,bundle,com.google.gdt.eclipse.maven.e37,2.5.2.v201203300216-rel-r37,"com.google.gdt.eclipse.maven.e37",1333761991442
stopped,bundle,org.eclipse.m2e.jdt,1.0.200.20111228-1245,"org.eclipse.m2e.jdt",1333761991545
stopped,bundle,org.eclipse.m2e.launching,1.0.200.20111228-1245,"org.eclipse.m2e.launching",1333761991548
stopped,bundle,org.eclipse.m2e.usagedata,1.0.200.20111228-1245,"org.eclipse.m2e.usagedata",1333761991548
stopped,bundle,com.google.gdt.eclipse.mobile.android,2.5.2.v201203300216-rel-r37,"com.google.gdt.eclipse.mobile.android",1333761991548
stopped,bundle,overlay.com.android.ide.eclipse.adt.overlay,17.0.0.v201203161636-291853,"overlay.com.android.ide.eclipse.adt.overlay",1333761991579
stopped,bundle,com.android.ide.eclipse.adt,17.0.0.v201203161636-291853,"com.android.ide.eclipse.adt",1333761991579
stopped,bundle,org.eclipse.ui.cheatsheets,3.4.100.v20110425,"org.eclipse.ui.cheatsheets",1333761991584
stopped,bundle,org.eclipse.help.ui,3.5.101.r37_20110819,"org.eclipse.help.ui",1333761991589
activated,perspective,org.eclipse.jdt.ui,,"org.eclipse.jdt.ui.JavaPerspective",1333762029950
started,bundle,org.eclipse.osgi,3.7.2.v20120110-1415,"org.eclipse.osgi",1333762029951
started,bundle,org.eclipse.equinox.simpleconfigurator,1.0.200.v20110815-1438,"org.eclipse.equinox.simpleconfigurator",1333762029953
started,bundle,com.ibm.icu,4.4.2.v20110823,"com.ibm.icu",1333762029955
started,bundle,org.eclipse.compare.core,3.5.200.I20110208-0800,"org.eclipse.compare.core",1333762029956
started,bundle,org.eclipse.core.contenttype,3.4.100.v20110423-0524,"org.eclipse.core.contenttype",1333762029957
started,bundle,org.eclipse.core.databinding.observable,1.4.0.I20110222-0800,"org.eclipse.core.databinding.observable",1333762029959
started,bundle,org.eclipse.core.expressions,3.4.300.v20110228,"org.eclipse.core.expressions",1333762029959
started,bundle,org.eclipse.core.filebuffers,3.5.200.v20110928-1504,"org.eclipse.core.filebuffers",1333762029960
started,bundle,org.eclipse.core.filesystem,1.3.100.v20110423-0524,"org.eclipse.core.filesystem",1333762029962
started,bundle,org.eclipse.core.jobs,3.5.101.v20120113-1953,"org.eclipse.core.jobs",1333762029963
started,bundle,org.eclipse.core.net,1.2.100.I20110511-0800,"org.eclipse.core.net",1333762029965
started,bundle,org.eclipse.core.resources,3.7.101.v20120125-1505,"org.eclipse.core.resources",1333762029967
started,bundle,org.eclipse.core.runtime,3.7.0.v20110110,"org.eclipse.core.runtime",1333762029968
started,bundle,org.eclipse.core.runtime.compatibility,3.2.100.v20100505,"org.eclipse.core.runtime.compatibility",1333762029970
started,bundle,org.eclipse.core.runtime.compatibility.auth,3.2.200.v20110110,"org.eclipse.core.runtime.compatibility.auth",1333762029971
started,bundle,org.eclipse.debug.core,3.7.1.v20111129-2031,"org.eclipse.debug.core",1333762029972
started,bundle,org.eclipse.debug.ui,3.7.102.v20111129-1423_r372,"org.eclipse.debug.ui",1333762029974
started,bundle,org.eclipse.egit.core,1.3.0.201202151440-r,"org.eclipse.egit.core",1333762029975
started,bundle,org.eclipse.egit.ui,1.3.0.201202151440-r,"org.eclipse.egit.ui",1333762029977
started,bundle,org.eclipse.emf.common,2.7.0.v20120127-1122,"org.eclipse.emf.common",1333762029979
started,bundle,org.eclipse.epp.mpc.ui,1.1.1.I20110907-0947,"org.eclipse.epp.mpc.ui",1333762029980
started,bundle,org.eclipse.epp.usagedata.gathering,1.3.1.R201106061540,"org.eclipse.epp.usagedata.gathering",1333762029980
started,bundle,org.eclipse.epp.usagedata.recording,1.3.1.R201106061540,"org.eclipse.epp.usagedata.recording",1333762029981
started,bundle,org.eclipse.equinox.app,1.3.100.v20110321,"org.eclipse.equinox.app",1333762029981
started,bundle,org.eclipse.equinox.common,3.6.0.v20110523,"org.eclipse.equinox.common",1333762029982
started,bundle,org.eclipse.equinox.ds,1.3.1.R37x_v20110701,"org.eclipse.equinox.ds",1333762029984
started,bundle,org.eclipse.equinox.event,1.2.100.v20110502,"org.eclipse.equinox.event",1333762029986
started,bundle,org.eclipse.equinox.p2.core,2.1.1.v20120113-1346,"org.eclipse.equinox.p2.core",1333762029987
started,bundle,org.eclipse.equinox.p2.directorywatcher,1.0.300.v20110815-1419,"org.eclipse.equinox.p2.directorywatcher",1333762029988
started,bundle,org.eclipse.equinox.p2.engine,2.1.1.R37x_v20111003,"org.eclipse.equinox.p2.engine",1333762029989
started,bundle,org.eclipse.equinox.p2.metadata,2.1.0.v20110815-1419,"org.eclipse.equinox.p2.metadata",1333762029990
started,bundle,org.eclipse.equinox.p2.metadata.repository,1.2.0.v20110815-1419,"org.eclipse.equinox.p2.metadata.repository",1333762029990
started,bundle,org.eclipse.equinox.p2.operations,2.1.1.R37x_v20111111,"org.eclipse.equinox.p2.operations",1333762030039
started,bundle,org.eclipse.equinox.p2.reconciler.dropins,1.1.100.v20110815-1419,"org.eclipse.equinox.p2.reconciler.dropins",1333762030040
started,bundle,org.eclipse.equinox.p2.repository,2.1.1.v20120113-1346,"org.eclipse.equinox.p2.repository",1333762030043
started,bundle,org.eclipse.equinox.p2.ui.sdk.scheduler,1.0.100.v20110815-1419,"org.eclipse.equinox.p2.ui.sdk.scheduler",1333762030071
started,bundle,org.eclipse.equinox.p2.updatechecker,1.1.200.v20110815-1419,"org.eclipse.equinox.p2.updatechecker",1333762030072
started,bundle,org.eclipse.equinox.preferences,3.4.2.v20120111-2020,"org.eclipse.equinox.preferences",1333762030083
started,bundle,org.eclipse.equinox.registry,3.5.101.R37x_v20110810-1611,"org.eclipse.equinox.registry",1333762030084
started,bundle,org.eclipse.equinox.security,1.1.1.R37x_v20110822-1018,"org.eclipse.equinox.security",1333762030170
started,bundle,org.eclipse.equinox.util,1.0.300.v20110502,"org.eclipse.equinox.util",1333762030208
started,bundle,org.eclipse.help,3.5.100.v20110426,"org.eclipse.help",1333762030209
started,bundle,org.eclipse.jdt.apt.core,3.3.500.v20110420-1015,"org.eclipse.jdt.apt.core",1333762030215
started,bundle,org.eclipse.jdt.core,3.7.3.v20120119-1537,"org.eclipse.jdt.core",1333762030237
started,bundle,org.eclipse.jdt.core.manipulation,1.4.0.v20110928-1453,"org.eclipse.jdt.core.manipulation",1333762030338
started,bundle,org.eclipse.jdt.launching,3.6.1.v20111006_r372,"org.eclipse.jdt.launching",1333762030339
started,bundle,org.eclipse.jdt.ui,3.7.2.v20120109-1427,"org.eclipse.jdt.ui",1333762030344
started,bundle,org.eclipse.jface,3.7.0.v20110928-1505,"org.eclipse.jface",1333762030345
started,bundle,org.eclipse.jgit,1.3.0.201202151440-r,"org.eclipse.jgit",1333762030354
started,bundle,org.eclipse.jsch.core,1.1.300.I20110514-0800,"org.eclipse.jsch.core",1333762030354
started,bundle,org.eclipse.ltk.core.refactoring,3.5.201.r372_v20111101-0700,"org.eclipse.ltk.core.refactoring",1333762030356
started,bundle,org.eclipse.ltk.ui.refactoring,3.6.0.v20110928-1453,"org.eclipse.ltk.ui.refactoring",1333762030357
started,bundle,org.eclipse.m2e.logback.configuration,1.0.200.20111228-1245,"org.eclipse.m2e.logback.configuration",1333762030358
started,bundle,org.eclipse.search,3.7.0.v20110928-1504,"org.eclipse.search",1333762030359
started,bundle,org.eclipse.team.core,3.6.0.I20110525-0800,"org.eclipse.team.core",1333762030361
started,bundle,org.eclipse.team.ui,3.6.101.R37x_v20111109-0800,"org.eclipse.team.ui",1333762030362
started,bundle,org.eclipse.ui,3.7.0.v20110928-1505,"org.eclipse.ui",1333762030375
started,bundle,org.eclipse.ui.console,3.5.100.v20111007_r372,"org.eclipse.ui.console",1333762030376
started,bundle,org.eclipse.ui.editors,3.7.0.v20110928-1504,"org.eclipse.ui.editors",1333762030376
started,bundle,org.eclipse.ui.forms,3.5.101.v20111011-1919,"org.eclipse.ui.forms",1333762030377
started,bundle,org.eclipse.ui.ide,3.7.0.v20110928-1505,"org.eclipse.ui.ide",1333762030379
started,bundle,org.eclipse.ui.net,1.2.100.v20111208-1155,"org.eclipse.ui.net",1333762030380
started,bundle,org.eclipse.ui.views,3.6.0.v20110928-1505,"org.eclipse.ui.views",1333762030381
started,bundle,org.eclipse.ui.workbench,3.7.1.v20120104-1859,"org.eclipse.ui.workbench",1333762030382
started,bundle,org.eclipse.ui.workbench.texteditor,3.7.0.v20110928-1504,"org.eclipse.ui.workbench.texteditor",1333762030384
started,bundle,org.eclipse.update.configurator,3.3.100.v20100512,"org.eclipse.update.configurator",1333762030384
started,bundle,org.eclipse.update.core,3.2.500.v20110330,"org.eclipse.update.core",1333762030386
started,bundle,org.eclipse.update.scheduler,3.2.300.v20100512,"org.eclipse.update.scheduler",1333762030386
started,bundle,org.eclipse.wb.core,1.3.0.r37x201202052311,"org.eclipse.wb.core",1333762030388
started,bundle,org.eclipse.wb.core.lib,1.3.0.r37x201202052311,"org.eclipse.wb.core.lib",1333762030389
started,bundle,org.eclipse.wb.discovery.core,1.3.0.r37x201202052340,"org.eclipse.wb.discovery.core",1333762030390
started,bundle,org.eclipse.wb.discovery.ui,1.3.0.r37x201202052340,"org.eclipse.wb.discovery.ui",1333762030391
started,bundle,org.eclipse.wst.common.frameworks,1.2.102.v201201190400,"org.eclipse.wst.common.frameworks",1333762030392
started,bundle,org.eclipse.wst.common.project.facet.core,1.4.201.v201201101553,"org.eclipse.wst.common.project.facet.core",1333762030394
started,bundle,org.eclipse.wst.common.uriresolver,1.1.401.v201004280700,"org.eclipse.wst.common.uriresolver",1333762030394
started,bundle,org.eclipse.wst.dtd.ui,1.0.600.v201103171359,"org.eclipse.wst.dtd.ui",1333762030396
started,bundle,org.eclipse.wst.sse.core,1.1.602.v201112071516,"org.eclipse.wst.sse.core",1333762030401
started,bundle,org.eclipse.wst.sse.ui,1.3.2.v201201041522,"org.eclipse.wst.sse.ui",1333762030403
started,bundle,org.eclipse.wst.validation,1.2.303.v201202090300,"org.eclipse.wst.validation",1333762030403
started,bundle,org.eclipse.wst.xml.core,1.1.602.v201201091944,"org.eclipse.wst.xml.core",1333762030405
started,bundle,org.eclipse.wst.xml.ui,1.1.202.v201112071516,"org.eclipse.wst.xml.ui",1333762030406
started,bundle,com.google.gdt.eclipse.designer,2.5.0.r37x201112291029,"com.google.gdt.eclipse.designer",1333762030407
started,bundle,org.eclipse.jst.common.project.facet.core,1.4.200.v201103170302,"org.eclipse.jst.common.project.facet.core",1333762030409
started,bundle,com.android.ide.eclipse.adt,17.0.0.v201203161636-291853,"com.android.ide.eclipse.adt",1333762030409
started,bundle,com.google.appengine.eclipse.core,2.5.2.v201203300216-rel-r37,"com.google.appengine.eclipse.core",1333762030409
started,bundle,com.google.gdt.eclipse.appengine.rpc,2.5.2.v201203300216-rel-r37,"com.google.gdt.eclipse.appengine.rpc",1333762030410
started,bundle,com.google.gdt.eclipse.core,2.5.2.v201203300216-rel-r37,"com.google.gdt.eclipse.core",1333762030410
started,bundle,com.google.gdt.eclipse.login,2.5.2.v201203300216-rel-r37,"com.google.gdt.eclipse.login",1333762030412
started,bundle,com.google.gdt.eclipse.managedapis,2.5.2.v201203300216-rel-r37,"com.google.gdt.eclipse.managedapis",1333762030412
started,bundle,com.google.gdt.eclipse.platform.e37,2.5.2.v201203300216-rel-r37,"com.google.gdt.eclipse.platform.e37",1333762030414
started,bundle,com.google.gdt.eclipse.platform.shared,2.5.2.v201203300216-rel-r37,"com.google.gdt.eclipse.platform.shared",1333762030415
started,bundle,com.google.gdt.eclipse.suite.ext,2.5.2.v201203300216-rel-r37,"com.google.gdt.eclipse.suite.ext",1333762030416
started,bundle,com.google.gwt.eclipse.core,2.5.2.v201203300216-rel-r37,"com.google.gwt.eclipse.core",1333762030416
started,bundle,org.eclipse.mylyn.bugzilla.core,3.7.0.v20120319-0200,"org.eclipse.mylyn.bugzilla.core",1333762030418
started,bundle,org.eclipse.mylyn.bugzilla.ui,3.7.0.v20120319-0200,"org.eclipse.mylyn.bugzilla.ui",1333762030418
started,bundle,org.eclipse.mylyn.commons.core,3.7.0.v20120319-0200,"org.eclipse.mylyn.commons.core",1333762030420
started,bundle,org.eclipse.mylyn.commons.net,3.7.0.v20120319-0200,"org.eclipse.mylyn.commons.net",1333762030420
started,bundle,org.eclipse.mylyn.commons.notifications.core,0.9.0.v20120319-0200,"org.eclipse.mylyn.commons.notifications.core",1333762030422
started,bundle,org.eclipse.mylyn.commons.notifications.feed,0.9.0.v20120319-0200,"org.eclipse.mylyn.commons.notifications.feed",1333762030423
